Satellite,TLE_Line1,TLE_Line2
STARLINK-1008 ,1 44714U 19074B   25082.39806689  .00011980  00000+0  82142-3 0  9995,2 44714  53.0557 323.6250 0001566  88.7750 271.3419 15.06415610295801
